Workbook

Sheet plan
B1: Exercice découverte des plans fractionnaires (par François Husson)
B2: On veut étudier l'effet de 4 facteurs (parité, supplément calcium, Colostrum, lampe) sur poids au sevrage de porcelets
B3: Parité | C3: Calciim | D3: Colostrum | E3: Lampe | G3: Chaque facteur peut prendre 2 modalités; celles-ci sont listées dans le tableau
B4: Primipare | C4: Supp. calcium | D4: Colostrum | E4: Lampe | G4: Y correspond au poids au sevrage
B5: Multipare | C5: Pas calcium | D5: Pas colostrum | E5: Pas lampe
B7: Pour cet exercice, la variable réponse Y est générée selon un modèle d'analyse de variance à 4 facteurs avec un résidu qui suit une loi Normale
B8: En modifiant les expériences, vous pouvez voir l'effet sur la qualité de l'estimation des paramètres
A10: Q1 ) | B10: Trouver les 8 expériences qui permettent d'estimer au mieux les paramètres du modèle (l'écart-type du plan optimal est donné)
B11: en modifiant le choix des expériences (cliquer sur une case colorée et choisir la modalité que vous voulez)
A12: Q2) | B12: Vous pouvez voir ensuite comment sont estimés les paramètres et les valeurs en allant sur la feuille "Calculs"
A14: =IF(Calculs!O9=0,"Problème : votre plan a un défaut trop important, les paramètres du modèle ne pourront pas être calculés",IF(AND(M17=N17,M18=N18,M19=N19,M20=N20,M21=N21)," Bravo !!! Vous avez trouvé un plan d'expériences optimal"," Ce plan n'est pas optimal : essayez encore")) -> Ce plan n'est pas optimal : essayez encore
B15: Parité | C15: Farine | D15: Colostrum | E15: Mode pliage | G15: Y | K15: coeff | L15: ecart- | M15: ecart-type normalisé | O15: Coeff
A16: Exp 1 | B16: Multipare | C16: Pas calcium | D16: Colostrum | E16: Pas lampe | G16: =O$17+O$18*Calculs!C3+O$19*Calculs!D3+O$20*Calculs!E3+O$21*Calculs!F3+NORMINV(RAND(),0,2) -> 27.575528 | K16: estimés | L16: type | M16: votre plan | N16: Plan optimum | O16: vraie valeur
A17: Exp 2 | B17: Primipare | C17: Supp. calcium | D17: Colostrum | E17: Pas lampe | G17: =O$17+O$18*Calculs!C4+O$19*Calculs!D4+O$20*Calculs!E4+O$21*Calculs!F4+NORMINV(RAND(),0,2) -> 31.279158 | J17: mu= | K17: {=MMULT(Calculs!I14:P18,plan!G16:G23)} -> 26.752388 | L17: =SQRT(Calculs!B14*plan!K23) -> 1.3096268 | M17: =SQRT(Calculs!B14) -> 1.118034 | N17: =1/SQRT(8) -> 0.35355339 | O17: 30
A18: Exp 3 | B18: Primipare | C18: Pas calcium | D18: Pas colostrum | E18: Pas lampe | G18: =O$17+O$18*Calculs!C5+O$19*Calculs!D5+O$20*Calculs!E5+O$21*Calculs!F5+NORMINV(RAND(),0,2) -> 32.287646 | J18: alpha_1= | K18: 4.773562 | L18: =SQRT(Calculs!C15*plan!K23) -> 0.65481338 | M18: =SQRT(Calculs!C15) -> 0.55901699 | N18: =1/SQRT(8) -> 0.35355339 | O18: 5
A19: Exp 4 | B19: Primipare | C19: Pas calcium | D19: Colostrum | E19: Lampe | G19: =O$17+O$18*Calculs!C6+O$19*Calculs!D6+O$20*Calculs!E6+O$21*Calculs!F6+NORMINV(RAND(),0,2) -> 36.607749 | J19: beta_1= | K19: -2.9217469 | L19: =SQRT(Calculs!D16*plan!K23) -> 0.65481338 | M19: =SQRT(Calculs!D16) -> 0.55901699 | N19: =1/SQRT(8) -> 0.35355339 | O19: -2
A20: Exp 5 | B20: Primipare | C20: Pas calcium | D20: Colostrum | E20: Pas lampe | G20: =O$17+O$18*Calculs!C7+O$19*Calculs!D7+O$20*Calculs!E7+O$21*Calculs!F7+NORMINV(RAND(),0,2) -> 37.070842 | J20: gamma_1= | K20: 2.4175033 | L20: =SQRT(Calculs!E17*plan!K23) -> 0.65481338 | M20: =SQRT(Calculs!E17) -> 0.55901699 | N20: =1/SQRT(8) -> 0.35355339 | O20: 1.5
A21: Exp 6 | B21: Primipare | C21: Pas calcium | D21: Colostrum | E21: Pas lampe | G21: =O$17+O$18*Calculs!C8+O$19*Calculs!D8+O$20*Calculs!E8+O$21*Calculs!F8+NORMINV(RAND(),0,2) -> 35.773827 | J21: delta_1= | K21: -0.2574515 | L21: =SQRT(Calculs!F18*plan!K23) -> 0.65481338 | M21: =SQRT(Calculs!F18) -> 0.55901699 | N21: =1/SQRT(8) -> 0.35355339 | O21: 2
A22: Exp 7 | B22: Primipare | C22: Pas calcium | D22: Colostrum | E22: Pas lampe | G22: =O$17+O$18*Calculs!C9+O$19*Calculs!D9+O$20*Calculs!E9+O$21*Calculs!F9+NORMINV(RAND(),0,2) -> 37.012602
A23: Exp 8 | B23: Primipare | C23: Pas calcium | D23: Colostrum | E23: Pas lampe | G23: =O$17+O$18*Calculs!C10+O$19*Calculs!D10+O$20*Calculs!E10+O$21*Calculs!F10+NORMINV(RAND(),0,2) -> 38.633337 | J23: sigma^2 = | K23: =SUMXMY2(G16:G23,G26:G33)/(8-5) -> 1.3720978
F26: Y prédit = | G26: {=MMULT(Calculs!B3:F10,plan!K17:K21)} -> 27.575528
G27: 31.279158
G28: 32.287646
G29: 36.607749
G30: 37.122652
G31: 37.122652
G32: 37.122652
G33: 37.122652

Sheet Calculs
A2: X | C2: F1 | D2: F2 | E2: F3 | F2: F4 | H2: X' | I2: {=TRANSPOSE(B3:F10)} -> 1 | J2: 1 | K2: 1 | L2: 1 | M2: 1 | N2: 1 | O2: 1 | P2: 1
B3: 1 | C3: =IF(plan!B16=plan!B$4,1,IF(plan!B16=plan!B$5,-1,0)) -> -1 | D3: =IF(plan!C16=plan!C$4,1,IF(plan!C16=plan!C$5,-1,0)) -> -1 | E3: =IF(plan!D16=plan!D$4,1,IF(plan!D16=plan!D$5,-1,0)) -> 1 | F3: =IF(plan!E16=plan!E$4,1,IF(plan!E16=plan!E$5,-1,0)) -> -1 | I3: -1 | J3: 1 | K3: 1 | L3: 1 | M3: 1 | N3: 1 | O3: 1 | P3: 1
B4: 1 | C4: =IF(plan!B17=plan!B$4,1,IF(plan!B17=plan!B$5,-1,0)) -> 1 | D4: =IF(plan!C17=plan!C$4,1,IF(plan!C17=plan!C$5,-1,0)) -> 1 | E4: =IF(plan!D17=plan!D$4,1,IF(plan!D17=plan!D$5,-1,0)) -> 1 | F4: =IF(plan!E17=plan!E$4,1,IF(plan!E17=plan!E$5,-1,0)) -> -1 | I4: -1 | J4: 1 | K4: -1 | L4: -1 | M4: -1 | N4: -1 | O4: -1 | P4: -1
B5: 1 | C5: =IF(plan!B18=plan!B$4,1,IF(plan!B18=plan!B$5,-1,0)) -> 1 | D5: =IF(plan!C18=plan!C$4,1,IF(plan!C18=plan!C$5,-1,0)) -> -1 | E5: =IF(plan!D18=plan!D$4,1,IF(plan!D18=plan!D$5,-1,0)) -> -1 | F5: =IF(plan!E18=plan!E$4,1,IF(plan!E18=plan!E$5,-1,0)) -> -1 | I5: 1 | J5: 1 | K5: -1 | L5: 1 | M5: 1 | N5: 1 | O5: 1 | P5: 1
B6: 1 | C6: =IF(plan!B19=plan!B$4,1,IF(plan!B19=plan!B$5,-1,0)) -> 1 | D6: =IF(plan!C19=plan!C$4,1,IF(plan!C19=plan!C$5,-1,0)) -> -1 | E6: =IF(plan!D19=plan!D$4,1,IF(plan!D19=plan!D$5,-1,0)) -> 1 | F6: =IF(plan!E19=plan!E$4,1,IF(plan!E19=plan!E$5,-1,0)) -> 1 | I6: -1 | J6: -1 | K6: -1 | L6: 1 | M6: -1 | N6: -1 | O6: -1 | P6: -1
B7: 1 | C7: =IF(plan!B20=plan!B$4,1,IF(plan!B20=plan!B$5,-1,0)) -> 1 | D7: =IF(plan!C20=plan!C$4,1,IF(plan!C20=plan!C$5,-1,0)) -> -1 | E7: =IF(plan!D20=plan!D$4,1,IF(plan!D20=plan!D$5,-1,0)) -> 1 | F7: =IF(plan!E20=plan!E$4,1,IF(plan!E20=plan!E$5,-1,0)) -> -1
B8: 1 | C8: =IF(plan!B21=plan!B$4,1,IF(plan!B21=plan!B$5,-1,0)) -> 1 | D8: =IF(plan!C21=plan!C$4,1,IF(plan!C21=plan!C$5,-1,0)) -> -1 | E8: =IF(plan!D21=plan!D$4,1,IF(plan!D21=plan!D$5,-1,0)) -> 1 | F8: =IF(plan!E21=plan!E$4,1,IF(plan!E21=plan!E$5,-1,0)) -> -1 | H8: X'X | I8: {=MMULT(I2:P6,B3:F10)} -> 8 | J8: 6 | K8: -6 | L8: 6 | M8: -6 | O8: Déterminant de (X'X)
B9: 1 | C9: =IF(plan!B22=plan!B$4,1,IF(plan!B22=plan!B$5,-1,0)) -> 1 | D9: =IF(plan!C22=plan!C$4,1,IF(plan!C22=plan!C$5,-1,0)) -> -1 | E9: =IF(plan!D22=plan!D$4,1,IF(plan!D22=plan!D$5,-1,0)) -> 1 | F9: =IF(plan!E22=plan!E$4,1,IF(plan!E22=plan!E$5,-1,0)) -> -1 | I9: 6 | J9: 8 | K9: -4 | L9: 4 | M9: -4 | O9: =MDETERM(I8:M12) -> 1024
B10: 1 | C10: =IF(plan!B23=plan!B$4,1,IF(plan!B23=plan!B$5,-1,0)) -> 1 | D10: =IF(plan!C23=plan!C$4,1,IF(plan!C23=plan!C$5,-1,0)) -> -1 | E10: =IF(plan!D23=plan!D$4,1,IF(plan!D23=plan!D$5,-1,0)) -> 1 | F10: =IF(plan!E23=plan!E$4,1,IF(plan!E23=plan!E$5,-1,0)) -> -1 | I10: -6 | J10: -4 | K10: 8 | L10: -4 | M10: 4
I11: 6 | J11: 4 | K11: -4 | L11: 8 | M11: -4
I12: -6 | J12: -4 | K12: 4 | L12: -4 | M12: 8
A14: (X'X)-1 | B14: {=MINVERSE(I8:M12)} -> 1.25 | C14: -0.375 | D14: 0.375 | E14: -0.375 | F14: 0.375 | H14: (X'X)-1X' | I14: {=MMULT(B14:F18,I2:P6)} -> 0.5 | J14: 0.5 | K14: 0.5 | L14: 0.5 | M14: -0.25 | N14: -0.25 | O14: -0.25 | P14: -0.25
B15: -0.375 | C15: 0.3125 | D15: -0.0625 | E15: 0.0625 | F15: -0.0625 | I15: -0.5 | J15: 1.3877788e-17 | K15: 0 | L15: 2.7755576e-17 | M15: 0.125 | N15: 0.125 | O15: 0.125 | P15: 0.125
B16: 0.375 | C16: -0.0625 | D16: 0.3125 | E16: -0.0625 | F16: 0.0625 | I16: -6.2450045e-17 | J16: 0.5 | K16: -3.469447e-17 | L16: -7.6327833e-17 | M16: -0.125 | N16: -0.125 | O16: -0.125 | P16: -0.125
B17: -0.375 | C17: 0.0625 | D17: -0.0625 | E17: 0.3125 | F17: -0.0625 | I17: 0 | J17: 0 | K17: -0.5 | L17: 0 | M17: 0.125 | N17: 0.125 | O17: 0.125 | P17: 0.125
B18: 0.375 | C18: -0.0625 | D18: 0.0625 | E18: -0.0625 | F18: 0.3125 | I18: 0 | J18: 0 | K18: 0 | L18: 0.5 | M18: -0.125 | N18: -0.125 | O18: -0.125 | P18: -0.125
